,0
0,spectator-go
1,mantis-api
2,bbparse
3,photon
4,conductor
5,titus-control-plane
6,techreports
7,batch_request_api
8,dispatch-docker
9,falcor-http-datasource
10,pygenie
11,falcor-observable
12,codec_compare
13,blitz4j
14,dgs-examples-java16
15,atlas
16,restful-jsonapi
17,go-env
18,Nicobar
19,ocelli
20,fabricator
21,dyno-queues
22,dgs-codegen
23,governator
24,yetch
25,eureka
26,Workflowable
27,chaosmonkey
28,ndbench
29,vp9-dash
30,mantis-rxcontrol
31,lemur-docker
32,consoleme
33,CassJMeter
34,suro
35,q
36,repokid
37,reactivesocket-examples
38,read_bbrlog
39,sureal
40,pollyjs
41,dispatch
42,netflix-commons
43,falcor-express-demo
44,polynote
45,user2020-metaflow-tutorial
46,ribbon
47,archaius
48,go-expect
49,dgs
50,SimianArmy
51,dial-reference
52,AWSObjectMapper
53,recipes-rss
54,Priam
55,rx-aws-java-sdk
56,mantis-cli
57,security_monkey
58,atlas-docs
59,Prana
60,eslint-config-netflix-dea
61,rend-lmdb
62,dynomite-manager
63,metaflow-service
64,signal-wrapper
65,glisten
66,lemur
67,mantis
68,falcor
69,falcor-router-demo
70,hubcommander
71,metaflow
72,aegisthus
73,falcor-path-syntax
74,netflix.github.com
75,dgs-framework
76,Raigad
77,pytheas
78,vmaf
79,Lipstick
80,dgs-federation-example
81,astyanax
82,falcor-hapi-demo
83,Surus
84,x-test
85,Fido
86,hollow
87,falcor-restify
88,ember-batch-request
89,s3mper
90,x-element
91,falcor-router
92,metrics-client-go
93,gradle-template
94,mantis-publish
95,weep
96,titus-api-definitions
97,probnik
98,falcor-json-graph
99,titus
100,sleepy-puppy-docker
101,spark
102,rend
103,nflxprofile
104,eslint-config-netflix
105,edda-client
106,image_compression_comparison
107,iep-shadow
108,genie
109,falcor-datasource-chainer
110,titus-executor
111,mantis-control-plane
112,staash
113,webpack-parse-query
114,edda
115,vizceral-component
116,tcplog_dumper
117,curator
118,security-bulletins
119,flamescope
120,netflixoss-npm-build-infrastructure
121,spectator-rb
122,falcor-hapi
123,metaflow-tools
124,titus-controllers-api
125,dgs-examples-kotlin
126,osstracker
127,tslint-config-netflix
128,msl
129,iep
130,hal-9001
131,spectator-js
132,zeno
133,frigga
134,dynomite
135,vector
136,ReactiveLab
137,aminator
138,dgs-examples-java
139,falcor-express
140,mantis-examples
141,vizceral-example
142,ember-nf-graph-examples
143,Fenzo
144,unleash
145,metacat
146,spectator-cpp
147,nerror
148,titus-resource-pool
149,runtime-health
150,metaflow-docs
151,falcor-path-utils
152,iceberg
153,asgard
154,PigPen
155,Hystrix
156,spectator-py
157,titus-kube-common
158,Cloud-Prize
159,bless
160,rend-http
161,zuul
162,vectorflow
163,vizceral
164,batch_request_client
165,vmaf_resource
166,brutal
167,karyon
168,hollow-reference-implementation
169,dyno
170,eureka-ui
171,vizceral-react
172,bettertls
173,blesk
174,mantis-gradle-plugin
175,mantis-connectors
176,servo
177,concurrency-limits
178,Turbine
179,element-server
180,denominator
181,NfWebCrypto
182,mantis-ui
183,mantis-mql
184,ember-nf-graph
185,.github
186,aws-autoscaling
187,fast_jsonapi
188,netflix-graph
189,mantis-source-jobs
190,inviso
191,p2plab
192,mantis-rxnetty
193,EVCache
194,falcor-restify-demo
195,spectator
